code	brand_owner	language	fdc_id	ingredients	serving_size	serving_size_unit	household_serving_fulltext	branded_food_category	data_source	modified_date	available_date	market_country	trade_channel	labelNutrients.fat.value	labelNutrients.saturatedFat.value	labelNutrients.transFat.value	labelNutrients.cholesterol.value	labelNutrients.sodium.value	labelNutrients.carbohydrates.value	labelNutrients.fiber.value	labelNutrients.sugars.value	labelNutrients.protein.value	labelNutrients.calcium.value	labelNutrients.iron.value	labelNutrients.calories.value	labelNutrients.potassium.value	labelNutrients.addedSugar.value	protein_value	protein_unit	sugar_value	sugar_unit	salt_value	salt_unit	saturated_fat_value	saturated_fat_unit	energy_value	energy_unit
1633636543505	MICHELE'S	United States	1106281	ORGANIC ROLLED OATS, ORGANIC UNSWEETENED COCONUT, ORGANIC BROWN SUGAR, ORGANIC SEEDLESS RAISINS, SUNFLOWER SEEDS, WALNUTS, EXPELLER-PRESSED NON-GMO CANOLA OIL, FILTERED WATER, PURE VANILLA EXTRACT, SPICES, SEA SALT.	28	g	0.25 cup	Cereal	LI	4/26/2020	4/26/2020	United States	['NO_TRADE_CHANNEL']	7.00	2.00	0.000	0.000	45.1	16.0	1.99	5.99	3.00	19.9	1.08	140			10.7	g	21.4	g	161	mg	7.14	g	500	kcal
8906004982514	VEETEE	United States	1106304	RIZ BASMATI RICE.	45	g	0.25 cup	Rice	LI	4/26/2020	4/26/2020	United States	['NO_TRADE_CHANNEL']	0.000	0.000	0.000	0.000	0.000	36.0	1.98	2.00	4.00	0.000	0.360	160			8.89	g	4.44	g	0.000	mg	0.000	g	356	kcal
076014101088	Cookies Food Products Inc.	United States	1106312	TOMATO PASTE, WATER, SUGAR, VINEGAR, CORN SYRUP, SALT, LIQUID SMOKE, WORCESTERSHIRE SAUCE (WATER, VINEGAR, SALT, SUGAR, MALIC ACID, MOLASSES, CITRIC ACID, DEHYDRATED ONION AND GARLIC, FOOD GUMS (ARABIC, XANTHAN, GUAR, CELLULOSE), SPICES, DEXTROSE, NATURAL FLAVORS, AND SMOKE FLAVOR), SPICES AND SODIUM BENZOATE AS A PRESERVATIVE.	30	g	1.07 ONZ	Ketchup, Mustard, BBQ & Cheese Sauce	LI	4/26/2020	4/26/2020	United States	['NO_TRADE_CHANNEL']	0.000	0.000	0.000	0.000	210	8.01	0.990	6.99	0.000	0.000	0.000	35.1			0.000	g	23.3	g	700	mg	0.000	g	117	kcal
059642000503	CRY BABY	United States	1106456	SUGAR, CORN SYRUP (GLUCOSE), GUM BASE, DEXTROSE, CITRIC ACID, TAPIOCA DEXTRIN, CONFECTIONERS GLAZE, CARNAUBA WAX, ARTIFICIAL FLAVORS, ARTIFICIAL COLORS,(FD&C RD 40, BLUE 1, YELLOW 5, YELLOW 6), CORN STARCH, BHT (TO MAINTAIN FRESHNESS). SOY MAY BE PRESENT.	6	g	1 PIECE	Candy	LI	4/26/2020	4/26/2020	United States	['NO_TRADE_CHANNEL']	0.000				0.000	5.00		4.00	0.000			20.0			0.000	g	66.7	g	0.000	mg			333	kcal
059642932491	DUBBLE BUBBLE	United States	1106457	SUGAR, DEXTROSE, CORN SYRUP (GLUCOSE), GUM BASE, HIGH FRUCTOSE CORN SYRUP, ARTIFICIAL FLAVORS, ARTIFICIAL COLOR (FD&C RED 3), CORN STARCH, BHT (TO MAINTAIN FRESHNESS).	6	g	1 PIECE	Chewing Gum & Mints	LI	4/15/2020	4/15/2020	United States	['NO_TRADE_CHANNEL']	0.000				0.000	5.00		5.00	0.000			20.0			0.000	g	83.3	g	0.000	mg			333	kcal
911152013582	YAMAMOTOYAMA	United States	1106573	SEAWEED	2.5	g	1 SHEET	Vegetable and Lentil Mixes	LI	4/15/2020	4/15/2020	United States	['NO_TRADE_CHANNEL']	0.000	0.000	0.000	0.000	20.0	1.00	0.000	0.000	1.00	0.000	0.360	10.0			40.0	g	0.000	g	800	mg	0.000	g	400	kcal
3927783004056	BAZOOKA	United States	1106608	ALL FLAVORS CONTAIN: SUGAR, ADDITIONALLY: ORIGINAL: GUM BASE, GLUCOSE SYRUP, NATURAL &ARTIFICIAL FLAVORS, GLYCERINE CITRIC ACID, TITANIUM DIOXIDE, BHT (PRESERVATIVE), RED 40 LAKE, RED 40, BLUE RASPBERRY: GLUCOSE SYRUP, GUM BASE, ARTIFICIAL FLAVORS, CITRIC ACID, GLYCERINE, MALIC ACID, ASPARTAME, BLUE 1 LAKE, ACESULFAME POTASSIUM, TITANIUM DIOXIDE, BHT (PRESERVATIVE),	6	g	1 PIECE	Chewing Gum & Mints	LI	4/26/2020	4/26/2020	United States	['NO_TRADE_CHANNEL']	0.000		0.000		0.000	5.00		4.00	0.000			20.0			0.000	g	66.7	g	0.000	mg			333	kcal
627404030169	NOT A BRANDED ITEM	United States	1106628	RICE FLOUR, TAPIOCA STARCH, WATER, SALT	100	g	100 GRM	Crusts & Dough	LI	4/13/2020	4/13/2020	United States	['NO_TRADE_CHANNEL']	0.220	0.130		0.000	860	82.5	0.000	0.000	2.13	0.000	0.000	340			2.13	g	0.000	g	860	mg	0.130	g	340	kcal
884789500506	DEL SUR	United States	1106864	CORN STARCH, NATURAL MODIFIED TAPIOCA STARCH, DEXTROSE, SALT (SODIUM CHLORIDE) AND LEUDANTS (SODIUM BICARBOBNATE)	17.5	g	17.5 GRM	Cake, Cookie & Cupcake Mixes	LI	4/26/2020	4/26/2020	United States	['NO_TRADE_CHANNEL']	0.000	0.000	0.000	0.000	57.9	15.0	0.000	0.999	0.000	0.000	0.000	60.0			0.000	g	5.71	g	331	mg	0.000	g	343	kcal
813090000000	GUNTHER'S GOURMET	United States	1106915	CRUSHED PINEAPPLE, ORANGE JUICE, MANGO PUREE, DISTILLED VINEGAR, APPLE SAUCE, LEMON JUICE, SOY SAUCE (WATER, NON-GMO SOYBEANS, WHEAT, SALT), PURE HONEY, HABANERO PEPPERS, ROASTED GARLIC, SPICES AND SALT.	15	g	1 Tbsp	Ketchup, Mustard, BBQ & Cheese Sauce	LI	9/12/2020	9/12/2020	United States	['NO_TRADE_CHANNEL']	0.000	0.000	0.000	0.000	30.0	2.00	0.000	2.00	0.000	0.000	0.000	10.0			0.000	g	13.3	g	200	mg	0.000	g	67.0	kcal
058449590668	NATURE'S PATH	United States	1106945	WATER, WHOLE WHEAT FLOUR*, CANE SUGAR*, SOY OIL*, LEAVENING AGENT (SODIUM ACID PYROPHOSPHATE, SODIUM BICARBONATE, MONOCALCIUM PHOSPHATE), WHEAT BRAN*, MAPLE SYRUP*, OAT BRAN*, NATURAL FLAVOR, CINNAMON*, SOY LECITHIN*, SEA SALT.	70	g	2 WAFFLES	Frozen Pancakes, Waffles, French Toast & Crepes	LI	4/5/2020	4/5/2020	United States	['NO_TRADE_CHANNEL']	6.00	1.00		0.000	310	28.0	3.99	6.00	4.00	39.9	1.08	180			5.71	g	8.57	g	443	mg	1.43	g	257	kcal
6923917200100	CLOVER VALLEY	United States	1107032	PEACHES, WATER, SUGAR, ASCORBIC ACID, CITRIC ACID.	140	g	1/2 cup	Canned Fruit	LI	4/8/2020	4/8/2020	United States	['NO_TRADE_CHANNEL']	0.000	0.000	0.000	0.000	0.000	22.0	0.980	20.0	0.000	12.6	0.000	89.6	71.4	13.0	0.000	g	14.3	g	0.000	mg	0.000	g	64.0	kcal
011110852714	HEMISFARES	United States	1107072	DURUM WHEAT SEMOLINA.	56	g	2 ONZ	Pasta by Shape & Type	LI	9/12/2020	9/12/2020	United States	['NO_TRADE_CHANNEL']	1.00	0.000	0.000	0.000	0.000	39.0	2.02	2.00	7.00	0.000	0.000	200			12.5	g	3.57	g	0.000	mg	0.000	g	357	kcal
056210371065	CAVENDISH FARMS	United States	1107095	POTATOES, VEGETABLE OIL (CONTAINS ONE OR MORE OF THE FOLLOWING: SOYBEAN OIL, CANOLA OIL), SALT, CORN FLOUR, POTATO FLAKES, DEXTROSE AND DISODIUM DIHYDROGEN PYROPHOSPHATE TO PROMOTE COLOR. 	60	g	1 PATTIE, PER CONTAINER	Entrees, Sides & Small Meals	LI	4/15/2020	4/15/2020	United States	['NO_TRADE_CHANNEL']	7.98	1.00	0.000	0.000	250	17.0	1.02	0.000	1.00	0.000	0.360	130			1.67	g	0.000	g	417	mg	1.67	g	217	kcal
058354000917	CLOVER VALLEY	United States	1107130	SALT, SUGAR, CORN SYRUP SOLIDS, HYDROLYZED CORN PROTEIN, MONOSODIUM GLUTAMATE, SODIUM BICARBONATE, CONTAINS LESS THAN 2% OF: SILICON DIOXIDE (ANTI-CAKING AGENT), CHICKEN*, NATURAL AND ARTIFICIAL FLAVORS, ONION POWDER, CHICKEN BROTH*, CHICKEN FAT, COOKED CHICKEN*, MALTODEXTRIN, GARLIC POWDER, AUTOLYZED YEAST EXTRACT, YEAST EXTRACT (CONTAINS GLUTEN), TURMERIC (COLOR), DISODIUM INOSINATE, DISODIUM GUANYLATE, SPICE, CARAMEL COLOR, RENDERED CHICKEN FAT, YEAST* (FROM BARLEY), SOY SAUCE* (WHEAT, SOYBEANS, SALT), CALCIUM PHOSPHATE.	3.5	g	1 CUBE	Seasoning Mixes, Salts, Marinades & Tenderizers	LI	4/8/2020	4/8/2020	United States	['NO_TRADE_CHANNEL']	0.000	0.000	0.000	0.000	900	1.00	0.000	1.00	0.000	0.000	0.000	5.00			0.000	g	28.6	g	2.57E+4	mg	0.000	g	143	kcal
9340224006671	THE CHIA CO	United States	1107331	CHIA SEED GEL (FILTERED WATER, CHIA SEED), MANGO PUREE, COCONUT MILK	170	g	6 ONZ	Pre-Packaged Fruit & Vegetables	LI	9/12/2020	9/12/2020	United States	['NO_TRADE_CHANNEL']	8.99	5.00	0.000	0.000	5.10	14.0	6.97	12.0	2.99	79.9	2.70	160	211		1.76	g	7.06	g	3.00	mg	2.94	g	94.0	kcal
059608004651	NOT A BRANDED ITEM	United States	1107686	WATER, SUGAR, WHEAT STARCH, ENRICHED WHEAT FLOUR (WHEAT FLOUR, NIACIN, REDUCED IRON, THIAMINE MONONITRATE, RIBOFLAVIN, FOLIC ACID), DRIED EGG WHITE, LEAVENING (SODIUM BICARBONATE, CALCIUM PHOSPHATE, SODIUM ACID PYROPHOSPHATE, SODIUM ALUMINUM PHOSPHATE), ARTIFICIAL FLAVOR, SALT, GUM ARABIC.	45	g	1 CAKE	Cakes, Cupcakes, Snack Cakes	LI	4/13/2020	4/13/2020	United States	['NO_TRADE_CHANNEL']	0.000	0.000	0.000	0.000	410	29.0	0.000	20.0	3.00	150	0.720	120			6.67	g	44.4	g	911	mg	0.000	g	267	kcal
620811144153	PASTA GOURMET ITALIA	United States	1107837	DURUM WHEAT SEMOLINA, WATER, DEHYDRATED TOMATO, DEHYDRATED SPINACH.	56	g	2 ONZ	Pasta by Shape & Type	LI	4/15/2020	4/15/2020	United States	['NO_TRADE_CHANNEL']	1.00	0.000	0.000	0.000	0.000	42.0	1.01	2.00	7.00	20.2	0.722	210			12.5	g	3.57	g	0.000	mg	0.000	g	375	kcal
620811144160	PASTA GOURMET ITALIA	United States	1107851	DURUM WHEAT SEMOLINA, WATER, DEHYDRATED TOMATO, DEHYDRATED SPINACH.	56	g	2 ONZ	Pasta by Shape & Type	LI	4/15/2020	4/15/2020	United States	['NO_TRADE_CHANNEL']	1.00	0.000	0.000	0.000	0.000	42.0	1.01	2.00	7.00	20.2	0.722	210			12.5	g	3.57	g	0.000	mg	0.000	g	375	kcal
055653618706	DARE	United States	1108102	ENRICHED FLOUR (WHEAT FLOUR, NIACIN, REDUCED IRON, THIAMINE MONONITRATE, RIBOFLAVIN, FOLIC ACID), HIGH OLEIC SUNFLOWER OIL, SALT, SUGAR.	15	g	4 crackers	Crackers & Biscotti	LI	9/21/2020	9/21/2020	United States	['NO_TRADE_CHANNEL']	1.00	0.000	0.000	0.000	55.0	12.0	1.00	0.000	2.00	0.000	0.700	60.0	20.0		13.3	g	0.000	g	367	mg	0.000	g	400	kcal
770118709040	THE ORIGINAL CAKERIE LTD.	United States	1108773	WATER, CREAM, BROWN SUGAR, WHEAT FLOUR, CANOLA OIL, EGGS, SUGAR, PALM, MODIFIED PALM AND PALM KERNEL OIL, COCOA POWDER, UNSWEETENED CHOCOLATE, MILK, COCOA BUTTER, GLUCOSE, MODIFIED CORN STARCH, CORN STARCH, SODIUM BICARBONATE, SALT, BAKING POWDER, MILK SOLIDS, WHEY (MILK), NON-FAT MILK, FRACTIONATED PALM KERNEL OIL, TETRASODIUM DIPHOSPHATE, EGG WHITES, CITRIC ACID, SOY LECITHIN, VEGETABLE MONOGLYCERIDES, CHOLECALCIFEROL, BETA CAROTENE (COLOR), VITAMIN A PALMITATE, NATURAL FLAVOR, SODIUM ALGINATE, NIACIN, IRON, CARRAGEENAN, GUAR GUM, PROPYLENE GLYCOL ALGINATE, CAROB BEAN GUM, BACTERIAL CULTURE, THIAMINE MONONITRATE, RIBOFLAVIN, XANTHAN GUM, FOLIC ACID, CELLULOSE GEL, CELLULOSE GUM.	122	g	0.25 OF CAKE	Cakes, Cupcakes, Snack Cakes	LI	4/15/2020	4/15/2020	United States	['NO_TRADE_CHANNEL']	30.0	12.0	0.000	59.8	470	52.0	1.95	39.0	4.00	59.8	2.70	490			3.28	g	32.0	g	385	mg	9.84	g	402	kcal
787359103749	FRESH GOURMET	United States	1108786	ENRICHED FLOUR (WHEAT FLOUR, MALTED BARLEY FLOUR, NIACIN, REDUCED IRON, THIAMIN MONONITRATE, RIBOFLAVIN, FOLIC ACID), CANOLA AND/OR SUNFLOWER OIL, SALT, 2% OR LESS OF GARLIC, SUGAR, BUTTER OIL, YEAST, NATURAL AND ARTIFICIAL FLAVORS (MILK), SOY LECITHIN, DISODIUM INOSINATE, DISODIUM GUANYLATE, ANNATTO (COLOR), ALPHA TOCOPHEROL (ANTIOXIDANT), TBHQ (TO PRESERVE FRESHNESS).	7	g	2 Tbsp	Breads & Buns	LI	9/12/2020	9/12/2020	United States	['NO_TRADE_CHANNEL']	1.00	0.000	0.000	0.000	55.0	5.00	0.252	0.000	1.00	0.000	0.360	30.0			14.3	g	0.000	g	786	mg	0.000	g	429	kcal
